run_id,collected_at,video_id,query_id,cancer_domain,search_query,normalized_search_query,search_rank,contributor,source,scope_category
batch-yiran-colon-002,2026-09-26T22:12:18.316051+00:00,i3Ag03UV8hc,query_011,colon,What is average risk vs high risk for colon cancer screening?,what is average risk vs high risk for colon cancer screening?,1,Yiran,USPSTF,Pre-screening education
batch-yiran-colon-002,2026-09-26T22:12:18.316051+00:00,Ykyoc231akE,query_011,colon,What is average risk vs high risk for colon cancer screening?,what is average risk vs high risk for colon cancer screening?,2,Yiran,USPSTF,Pre-screening education
batch-yiran-colon-002,2026-09-26T22:12:18.316051+00:00,DgysHEeXMpE,query_011,colon,What is average risk vs high risk for colon cancer screening?,what is average risk vs high risk for colon cancer screening?,3,Yiran,USPSTF,Pre-screening education
batch-yiran-colon-002,2026-09-26T22:12:18.316051+00:00,A1RfvZYIRA8,query_011,colon,What is average risk vs high risk for colon cancer screening?,what is average risk vs high risk for colon cancer screening?,4,Yiran,USPSTF,Pre-screening education
batch-yiran-colon-002,2026-09-26T22:12:18.316051+00:00,49NyIpVV_9g,query_011,colon,What is average risk vs high risk for colon cancer screening?,what is average risk vs high risk for colon cancer screening?,5,Yiran,USPSTF,Pre-screening education
batch-yiran-colon-002,2026-09-26T22:12:18.316051+00:00,sVmanW1tcZc,query_011,colon,What is average risk vs high risk for colon cancer screening?,what is average risk vs high risk for colon cancer screening?,6,Yiran,USPSTF,Pre-screening education
batch-yiran-colon-002,2026-09-26T22:12:18.316051+00:00,j3pFL47qgm4,query_011,colon,What is average risk vs high risk for colon cancer screening?,what is average risk vs high risk for colon cancer screening?,7,Yiran,USPSTF,Pre-screening education
batch-yiran-colon-002,2026-09-26T22:12:18.316051+00:00,EVsThGepdcg,query_011,colon,What is average risk vs high risk for colon cancer screening?,what is average risk vs high risk for colon cancer screening?,8,Yiran,USPSTF,Pre-screening education
batch-yiran-colon-002,2026-09-26T22:12:18.316051+00:00,FY4uAeuWTag,query_011,colon,What is average risk vs high risk for colon cancer screening?,what is average risk vs high risk for colon cancer screening?,9,Yiran,USPSTF,Pre-screening education
batch-yiran-colon-002,2026-09-26T22:12:18.316051+00:00,QMNS3aFsM2A,query_011,colon,What is average risk vs high risk for colon cancer screening?,what is average risk vs high risk for colon cancer screening?,10,Yiran,USPSTF,Pre-screening education
batch-yiran-colon-002,2026-09-26T22:12:18.316051+00:00,Ykyoc231akE,query_012,colon,My mom had colon cancer at 50 — when should I start getting screened?,my mom had colon cancer at 50 — when should i start getting screened?,1,Yiran,American Cancer Society,Pre-screening education
batch-yiran-colon-002,2026-09-26T22:12:18.316051+00:00,__WkQfzh7V4,query_012,colon,My mom had colon cancer at 50 — when should I start getting screened?,my mom had colon cancer at 50 — when should i start getting screened?,2,Yiran,American Cancer Society,Pre-screening education
batch-yiran-colon-002,2026-09-26T22:12:18.316051+00:00,VkIZ-Vr-NDc,query_012,colon,My mom had colon cancer at 50 — when should I start getting screened?,my mom had colon cancer at 50 — when should i start getting screened?,3,Yiran,American Cancer Society,Pre-screening education
batch-yiran-colon-002,2026-09-26T22:12:18.316051+00:00,y9W80TEgbGU,query_012,colon,My mom had colon cancer at 50 — when should I start getting screened?,my mom had colon cancer at 50 — when should i start getting screened?,4,Yiran,American Cancer Society,Pre-screening education
batch-yiran-colon-002,2026-09-26T22:12:18.316051+00:00,mlVAM1G1MrU,query_012,colon,My mom had colon cancer at 50 — when should I start getting screened?,my mom had colon cancer at 50 — when should i start getting screened?,5,Yiran,American Cancer Society,Pre-screening education
batch-yiran-colon-002,2026-09-26T22:12:18.316051+00:00,eZpwUgUgiC0,query_012,colon,My mom had colon cancer at 50 — when should I start getting screened?,my mom had colon cancer at 50 — when should i start getting screened?,6,Yiran,American Cancer Society,Pre-screening education
batch-yiran-colon-002,2026-09-26T22:12:18.316051+00:00,UiRCwsZ_fBs,query_012,colon,My mom had colon cancer at 50 — when should I start getting screened?,my mom had colon cancer at 50 — when should i start getting screened?,7,Yiran,American Cancer Society,Pre-screening education
batch-yiran-colon-002,2026-09-26T22:12:18.316051+00:00,Y5QL9fkDaSo,query_012,colon,My mom had colon cancer at 50 — when should I start getting screened?,my mom had colon cancer at 50 — when should i start getting screened?,8,Yiran,American Cancer Society,Pre-screening education
batch-yiran-colon-002,2026-09-26T22:12:18.316051+00:00,isVX0_ZUuPw,query_012,colon,My mom had colon cancer at 50 — when should I start getting screened?,my mom had colon cancer at 50 — when should i start getting screened?,9,Yiran,American Cancer Society,Pre-screening education
batch-yiran-colon-002,2026-09-26T22:12:18.316051+00:00,h31xFzjcnnA,query_012,colon,My mom had colon cancer at 50 — when should I start getting screened?,my mom had colon cancer at 50 — when should i start getting screened?,10,Yiran,American Cancer Society,Pre-screening education
batch-yiran-colon-002,2026-09-26T22:12:18.316051+00:00,2c4AMBjtg_4,query_013,colon,Do I need colon cancer screening if I have Crohn's disease or ulcerative colitis?,do i need colon cancer screening if i have crohn's disease or ulcerative colitis?,1,Yiran,American Cancer Society / USPSTF,Pre-screening education
batch-yiran-colon-002,2026-09-26T22:12:18.316051+00:00,8sxaWrjyoo0,query_013,colon,Do I need colon cancer screening if I have Crohn's disease or ulcerative colitis?,do i need colon cancer screening if i have crohn's disease or ulcerative colitis?,2,Yiran,American Cancer Society / USPSTF,Pre-screening education
batch-yiran-colon-002,2026-09-26T22:12:18.316051+00:00,Yo5bL87Q7UE,query_013,colon,Do I need colon cancer screening if I have Crohn's disease or ulcerative colitis?,do i need colon cancer screening if i have crohn's disease or ulcerative colitis?,3,Yiran,American Cancer Society / USPSTF,Pre-screening education
batch-yiran-colon-002,2026-09-26T22:12:18.316051+00:00,QEoMN2sDMVc,query_013,colon,Do I need colon cancer screening if I have Crohn's disease or ulcerative colitis?,do i need colon cancer screening if i have crohn's disease or ulcerative colitis?,4,Yiran,American Cancer Society / USPSTF,Pre-screening education
batch-yiran-colon-002,2026-09-26T22:12:18.316051+00:00,chdqFamtU3A,query_013,colon,Do I need colon cancer screening if I have Crohn's disease or ulcerative colitis?,do i need colon cancer screening if i have crohn's disease or ulcerative colitis?,5,Yiran,American Cancer Society / USPSTF,Pre-screening education
batch-yiran-colon-002,2026-09-26T22:12:18.316051+00:00,VnW1xmww5uo,query_013,colon,Do I need colon cancer screening if I have Crohn's disease or ulcerative colitis?,do i need colon cancer screening if i have crohn's disease or ulcerative colitis?,6,Yiran,American Cancer Society / USPSTF,Pre-screening education
batch-yiran-colon-002,2026-09-26T22:12:18.316051+00:00,IG2rEoDH9GE,query_013,colon,Do I need colon cancer screening if I have Crohn's disease or ulcerative colitis?,do i need colon cancer screening if i have crohn's disease or ulcerative colitis?,7,Yiran,American Cancer Society / USPSTF,Pre-screening education
batch-yiran-colon-002,2026-09-26T22:12:18.316051+00:00,2fDnhC4CnHE,query_013,colon,Do I need colon cancer screening if I have Crohn's disease or ulcerative colitis?,do i need colon cancer screening if i have crohn's disease or ulcerative colitis?,8,Yiran,American Cancer Society / USPSTF,Pre-screening education
batch-yiran-colon-002,2026-09-26T22:12:18.316051+00:00,__WkQfzh7V4,query_013,colon,Do I need colon cancer screening if I have Crohn's disease or ulcerative colitis?,do i need colon cancer screening if i have crohn's disease or ulcerative colitis?,9,Yiran,American Cancer Society / USPSTF,Pre-screening education
batch-yiran-colon-002,2026-09-26T22:12:18.316051+00:00,ANoou763RyI,query_013,colon,Do I need colon cancer screening if I have Crohn's disease or ulcerative colitis?,do i need colon cancer screening if i have crohn's disease or ulcerative colitis?,10,Yiran,American Cancer Society / USPSTF,Pre-screening education
batch-yiran-colon-002,2026-09-26T22:12:18.316051+00:00,8rCW4SUMnaA,query_014,colon,What is a Cologuard test and how accurate is it?,what is a cologuard test and how accurate is it?,1,Yiran,American Cancer Society,Pre-screening education
batch-yiran-colon-002,2026-09-26T22:12:18.316051+00:00,45sfNnVS3C4,query_014,colon,What is a Cologuard test and how accurate is it?,what is a cologuard test and how accurate is it?,2,Yiran,American Cancer Society,Pre-screening education
batch-yiran-colon-002,2026-09-26T22:12:18.316051+00:00,IyudkXuThhI,query_014,colon,What is a Cologuard test and how accurate is it?,what is a cologuard test and how accurate is it?,3,Yiran,American Cancer Society,Pre-screening education
batch-yiran-colon-002,2026-09-26T22:12:18.316051+00:00,sRZtDG1VnGU,query_014,colon,What is a Cologuard test and how accurate is it?,what is a cologuard test and how accurate is it?,4,Yiran,American Cancer Society,Pre-screening education
batch-yiran-colon-002,2026-09-26T22:12:18.316051+00:00,sPzFCajHpok,query_014,colon,What is a Cologuard test and how accurate is it?,what is a cologuard test and how accurate is it?,5,Yiran,American Cancer Society,Pre-screening education
batch-yiran-colon-002,2026-09-26T22:12:18.316051+00:00,u48RPhqxGH0,query_014,colon,What is a Cologuard test and how accurate is it?,what is a cologuard test and how accurate is it?,6,Yiran,American Cancer Society,Pre-screening education
batch-yiran-colon-002,2026-09-26T22:12:18.316051+00:00,6kBI3OyOPA4,query_014,colon,What is a Cologuard test and how accurate is it?,what is a cologuard test and how accurate is it?,7,Yiran,American Cancer Society,Pre-screening education
batch-yiran-colon-002,2026-09-26T22:12:18.316051+00:00,Hw3by4qtpEc,query_014,colon,What is a Cologuard test and how accurate is it?,what is a cologuard test and how accurate is it?,8,Yiran,American Cancer Society,Pre-screening education
batch-yiran-colon-002,2026-09-26T22:12:18.316051+00:00,t2tAx140HVY,query_014,colon,What is a Cologuard test and how accurate is it?,what is a cologuard test and how accurate is it?,9,Yiran,American Cancer Society,Pre-screening education
batch-yiran-colon-002,2026-09-26T22:12:18.316051+00:00,d82qkiCPGRI,query_014,colon,What is a Cologuard test and how accurate is it?,what is a cologuard test and how accurate is it?,10,Yiran,American Cancer Society,Pre-screening education
batch-yiran-colon-002,2026-09-26T22:12:18.316051+00:00,_r08YQUoHqQ,query_015,colon,FIT test vs stool DNA test — what's the difference?,fit test vs stool dna test — what's the difference?,1,Yiran,American Cancer Society,Pre-screening education
batch-yiran-colon-002,2026-09-26T22:12:18.316051+00:00,w50MImj0esQ,query_015,colon,FIT test vs stool DNA test — what's the difference?,fit test vs stool dna test — what's the difference?,2,Yiran,American Cancer Society,Pre-screening education
batch-yiran-colon-002,2026-09-26T22:12:18.316051+00:00,UJsmJ_zTzQQ,query_015,colon,FIT test vs stool DNA test — what's the difference?,fit test vs stool dna test — what's the difference?,3,Yiran,American Cancer Society,Pre-screening education
batch-yiran-colon-002,2026-09-26T22:12:18.316051+00:00,jqOgrirZyQw,query_015,colon,FIT test vs stool DNA test — what's the difference?,fit test vs stool dna test — what's the difference?,4,Yiran,American Cancer Society,Pre-screening education
batch-yiran-colon-002,2026-09-26T22:12:18.316051+00:00,LLd7VwT8fYM,query_015,colon,FIT test vs stool DNA test — what's the difference?,fit test vs stool dna test — what's the difference?,5,Yiran,American Cancer Society,Pre-screening education
batch-yiran-colon-002,2026-09-26T22:12:18.316051+00:00,skkjTKB65G0,query_015,colon,FIT test vs stool DNA test — what's the difference?,fit test vs stool dna test — what's the difference?,6,Yiran,American Cancer Society,Pre-screening education
batch-yiran-colon-002,2026-09-26T22:12:18.316051+00:00,56PgHOiF4n0,query_015,colon,FIT test vs stool DNA test — what's the difference?,fit test vs stool dna test — what's the difference?,7,Yiran,American Cancer Society,Pre-screening education
batch-yiran-colon-002,2026-09-26T22:12:18.316051+00:00,lXVFOeMp5DE,query_015,colon,FIT test vs stool DNA test — what's the difference?,fit test vs stool dna test — what's the difference?,8,Yiran,American Cancer Society,Pre-screening education
batch-yiran-colon-002,2026-09-26T22:12:18.316051+00:00,0dITWSFViGg,query_015,colon,FIT test vs stool DNA test — what's the difference?,fit test vs stool dna test — what's the difference?,9,Yiran,American Cancer Society,Pre-screening education
batch-yiran-colon-002,2026-09-26T22:12:18.316051+00:00,KmjaD0LfuRk,query_015,colon,FIT test vs stool DNA test — what's the difference?,fit test vs stool dna test — what's the difference?,10,Yiran,American Cancer Society,Pre-screening education
batch-yiran-colon-002,2026-09-26T22:12:18.316051+00:00,5M5o8I1QOLs,query_016,colon,How accurate is the FIT test compared to colonoscopy?,how accurate is the fit test compared to colonoscopy?,1,Yiran,American Cancer Society,Pre-screening education
batch-yiran-colon-002,2026-09-26T22:12:18.316051+00:00,gMtMtJsRmw4,query_016,colon,How accurate is the FIT test compared to colonoscopy?,how accurate is the fit test compared to colonoscopy?,2,Yiran,American Cancer Society,Pre-screening education
batch-yiran-colon-002,2026-09-26T22:12:18.316051+00:00,lHVesyDNOg4,query_016,colon,How accurate is the FIT test compared to colonoscopy?,how accurate is the fit test compared to colonoscopy?,3,Yiran,American Cancer Society,Pre-screening education
batch-yiran-colon-002,2026-09-26T22:12:18.316051+00:00,xF6vle70cFE,query_016,colon,How accurate is the FIT test compared to colonoscopy?,how accurate is the fit test compared to colonoscopy?,4,Yiran,American Cancer Society,Pre-screening education
batch-yiran-colon-002,2026-09-26T22:12:18.316051+00:00,LLd7VwT8fYM,query_016,colon,How accurate is the FIT test compared to colonoscopy?,how accurate is the fit test compared to colonoscopy?,5,Yiran,American Cancer Society,Pre-screening education
batch-yiran-colon-002,2026-09-26T22:12:18.316051+00:00,-6wWSki1GaA,query_016,colon,How accurate is the FIT test compared to colonoscopy?,how accurate is the fit test compared to colonoscopy?,6,Yiran,American Cancer Society,Pre-screening education
batch-yiran-colon-002,2026-09-26T22:12:18.316051+00:00,jqOgrirZyQw,query_016,colon,How accurate is the FIT test compared to colonoscopy?,how accurate is the fit test compared to colonoscopy?,7,Yiran,American Cancer Society,Pre-screening education
batch-yiran-colon-002,2026-09-26T22:12:18.316051+00:00,6kBI3OyOPA4,query_016,colon,How accurate is the FIT test compared to colonoscopy?,how accurate is the fit test compared to colonoscopy?,8,Yiran,American Cancer Society,Pre-screening education
batch-yiran-colon-002,2026-09-26T22:12:18.316051+00:00,jVoS0dAxE_Y,query_016,colon,How accurate is the FIT test compared to colonoscopy?,how accurate is the fit test compared to colonoscopy?,9,Yiran,American Cancer Society,Pre-screening education
batch-yiran-colon-002,2026-09-26T22:12:18.316051+00:00,Hw3by4qtpEc,query_016,colon,How accurate is the FIT test compared to colonoscopy?,how accurate is the fit test compared to colonoscopy?,10,Yiran,American Cancer Society,Pre-screening education
batch-yiran-colon-002,2026-09-26T22:12:18.316051+00:00,sFf_G424By4,query_017,colon,Can a colonoscopy miss cancer?,can a colonoscopy miss cancer?,1,Yiran,American Cancer Society,Anxiety Reduction
batch-yiran-colon-002,2026-09-26T22:12:18.316051+00:00,K5JL3c7kdxU,query_017,colon,Can a colonoscopy miss cancer?,can a colonoscopy miss cancer?,2,Yiran,American Cancer Society,Anxiety Reduction
batch-yiran-colon-002,2026-09-26T22:12:18.316051+00:00,Ykyoc231akE,query_017,colon,Can a colonoscopy miss cancer?,can a colonoscopy miss cancer?,3,Yiran,American Cancer Society,Anxiety Reduction
batch-yiran-colon-002,2026-09-26T22:12:18.316051+00:00,fSB3XEsX9GE,query_017,colon,Can a colonoscopy miss cancer?,can a colonoscopy miss cancer?,4,Yiran,American Cancer Society,Anxiety Reduction
batch-yiran-colon-002,2026-09-26T22:12:18.316051+00:00,_YC-jTNggmQ,query_017,colon,Can a colonoscopy miss cancer?,can a colonoscopy miss cancer?,5,Yiran,American Cancer Society,Anxiety Reduction
batch-yiran-colon-002,2026-09-26T22:12:18.316051+00:00,RttsXu___5w,query_017,colon,Can a colonoscopy miss cancer?,can a colonoscopy miss cancer?,6,Yiran,American Cancer Society,Anxiety Reduction
batch-yiran-colon-002,2026-09-26T22:12:18.316051+00:00,M2VsRJtHXD0,query_017,colon,Can a colonoscopy miss cancer?,can a colonoscopy miss cancer?,7,Yiran,American Cancer Society,Anxiety Reduction
batch-yiran-colon-002,2026-09-26T22:12:18.316051+00:00,0bE3V3ZGogQ,query_017,colon,Can a colonoscopy miss cancer?,can a colonoscopy miss cancer?,8,Yiran,American Cancer Society,Anxiety Reduction
batch-yiran-colon-002,2026-09-26T22:12:18.316051+00:00,6VQV-O6_Ejg,query_017,colon,Can a colonoscopy miss cancer?,can a colonoscopy miss cancer?,9,Yiran,American Cancer Society,Anxiety Reduction
batch-yiran-colon-002,2026-09-26T22:12:18.316051+00:00,Vb8R1bCtCDw,query_017,colon,Can a colonoscopy miss cancer?,can a colonoscopy miss cancer?,10,Yiran,American Cancer Society,Anxiety Reduction
batch-yiran-colon-002,2026-09-26T22:12:18.316051+00:00,9WEDuGXU-T4,query_018,colon,What are the risks of a colonoscopy?,what are the risks of a colonoscopy?,1,Yiran,American Cancer Society,Anxiety Reduction
batch-yiran-colon-002,2026-09-26T22:12:18.316051+00:00,AtpbIg_G0HM,query_018,colon,What are the risks of a colonoscopy?,what are the risks of a colonoscopy?,2,Yiran,American Cancer Society,Anxiety Reduction
batch-yiran-colon-002,2026-09-26T22:12:18.316051+00:00,iFRtxeoSafA,query_018,colon,What are the risks of a colonoscopy?,what are the risks of a colonoscopy?,3,Yiran,American Cancer Society,Anxiety Reduction
batch-yiran-colon-002,2026-09-26T22:12:18.316051+00:00,3Bbigss1IEE,query_018,colon,What are the risks of a colonoscopy?,what are the risks of a colonoscopy?,4,Yiran,American Cancer Society,Anxiety Reduction
batch-yiran-colon-002,2026-09-26T22:12:18.316051+00:00,AUEByrFC7uI,query_018,colon,What are the risks of a colonoscopy?,what are the risks of a colonoscopy?,5,Yiran,American Cancer Society,Anxiety Reduction
batch-yiran-colon-002,2026-09-26T22:12:18.316051+00:00,_BTcU2SRT2k,query_018,colon,What are the risks of a colonoscopy?,what are the risks of a colonoscopy?,6,Yiran,American Cancer Society,Anxiety Reduction
batch-yiran-colon-002,2026-09-26T22:12:18.316051+00:00,Ykyoc231akE,query_018,colon,What are the risks of a colonoscopy?,what are the risks of a colonoscopy?,7,Yiran,American Cancer Society,Anxiety Reduction
batch-yiran-colon-002,2026-09-26T22:12:18.316051+00:00,5ZWxKk6AMpA,query_018,colon,What are the risks of a colonoscopy?,what are the risks of a colonoscopy?,8,Yiran,American Cancer Society,Anxiety Reduction
batch-yiran-colon-002,2026-09-26T22:12:18.316051+00:00,p4Uzs9R9JNU,query_018,colon,What are the risks of a colonoscopy?,what are the risks of a colonoscopy?,9,Yiran,American Cancer Society,Anxiety Reduction
batch-yiran-colon-002,2026-09-26T22:12:18.316051+00:00,lGKWjrqwJHM,query_018,colon,What are the risks of a colonoscopy?,what are the risks of a colonoscopy?,10,Yiran,American Cancer Society,Anxiety Reduction
batch-yiran-colon-002,2026-09-26T22:12:18.316051+00:00,lwfZFskoifw,query_019,colon,What is overdiagnosis in colorectal cancer screening?,what is overdiagnosis in colorectal cancer screening?,1,Yiran,National Cancer Institute,Pre-screening education
batch-yiran-colon-002,2026-09-26T22:12:18.316051+00:00,bk8JdolTX7E,query_019,colon,What is overdiagnosis in colorectal cancer screening?,what is overdiagnosis in colorectal cancer screening?,2,Yiran,National Cancer Institute,Pre-screening education
batch-yiran-colon-002,2026-09-26T22:12:18.316051+00:00,Q3Z1XBzBeDw,query_019,colon,What is overdiagnosis in colorectal cancer screening?,what is overdiagnosis in colorectal cancer screening?,3,Yiran,National Cancer Institute,Pre-screening education
batch-yiran-colon-002,2026-09-26T22:12:18.316051+00:00,wH9ncUs0dVg,query_019,colon,What is overdiagnosis in colorectal cancer screening?,what is overdiagnosis in colorectal cancer screening?,4,Yiran,National Cancer Institute,Pre-screening education
batch-yiran-colon-002,2026-09-26T22:12:18.316051+00:00,yaXrEPnp0ZM,query_019,colon,What is overdiagnosis in colorectal cancer screening?,what is overdiagnosis in colorectal cancer screening?,5,Yiran,National Cancer Institute,Pre-screening education
batch-yiran-colon-002,2026-09-26T22:12:18.316051+00:00,_SozAjDYpvU,query_019,colon,What is overdiagnosis in colorectal cancer screening?,what is overdiagnosis in colorectal cancer screening?,6,Yiran,National Cancer Institute,Pre-screening education
batch-yiran-colon-002,2026-09-26T22:12:18.316051+00:00,cpVzQRfMUAU,query_019,colon,What is overdiagnosis in colorectal cancer screening?,what is overdiagnosis in colorectal cancer screening?,7,Yiran,National Cancer Institute,Pre-screening education
batch-yiran-colon-002,2026-09-26T22:12:18.316051+00:00,CLcvxmTnvo8,query_019,colon,What is overdiagnosis in colorectal cancer screening?,what is overdiagnosis in colorectal cancer screening?,8,Yiran,National Cancer Institute,Pre-screening education
batch-yiran-colon-002,2026-09-26T22:12:18.316051+00:00,rcVRaEIt0rA,query_019,colon,What is overdiagnosis in colorectal cancer screening?,what is overdiagnosis in colorectal cancer screening?,9,Yiran,National Cancer Institute,Pre-screening education
batch-yiran-colon-002,2026-09-26T22:12:18.316051+00:00,on9w32vUXls,query_019,colon,What is overdiagnosis in colorectal cancer screening?,what is overdiagnosis in colorectal cancer screening?,10,Yiran,National Cancer Institute,Pre-screening education
batch-yiran-colon-002,2026-09-26T22:12:18.316051+00:00,5Ai-N5DSR7c,query_020,colon,can I drive myself home after a colonoscopy,can i drive myself home after a colonoscopy,1,Yiran,Mayo Clinic,Anxiety Reduction
batch-yiran-colon-002,2026-09-26T22:12:18.316051+00:00,H3xn-w91Crc,query_020,colon,can I drive myself home after a colonoscopy,can i drive myself home after a colonoscopy,2,Yiran,Mayo Clinic,Anxiety Reduction
batch-yiran-colon-002,2026-09-26T22:12:18.316051+00:00,XIO_podDAUI,query_020,colon,can I drive myself home after a colonoscopy,can i drive myself home after a colonoscopy,3,Yiran,Mayo Clinic,Anxiety Reduction
batch-yiran-colon-002,2026-09-26T22:12:18.316051+00:00,BskeCLtwcT4,query_020,colon,can I drive myself home after a colonoscopy,can i drive myself home after a colonoscopy,4,Yiran,Mayo Clinic,Anxiety Reduction
batch-yiran-colon-002,2026-09-26T22:12:18.316051+00:00,-if5-5A_z6c,query_020,colon,can I drive myself home after a colonoscopy,can i drive myself home after a colonoscopy,5,Yiran,Mayo Clinic,Anxiety Reduction
batch-yiran-colon-002,2026-09-26T22:12:18.316051+00:00,9Ae_IM-8vyU,query_020,colon,can I drive myself home after a colonoscopy,can i drive myself home after a colonoscopy,6,Yiran,Mayo Clinic,Anxiety Reduction
batch-yiran-colon-002,2026-09-26T22:12:18.316051+00:00,Jxk1BiUNgxY,query_020,colon,can I drive myself home after a colonoscopy,can i drive myself home after a colonoscopy,7,Yiran,Mayo Clinic,Anxiety Reduction
batch-yiran-colon-002,2026-09-26T22:12:18.316051+00:00,yiXuTSy43gE,query_020,colon,can I drive myself home after a colonoscopy,can i drive myself home after a colonoscopy,8,Yiran,Mayo Clinic,Anxiety Reduction
batch-yiran-colon-002,2026-09-26T22:12:18.316051+00:00,_q4YkbpP7ok,query_020,colon,can I drive myself home after a colonoscopy,can i drive myself home after a colonoscopy,9,Yiran,Mayo Clinic,Anxiety Reduction
batch-yiran-colon-002,2026-09-26T22:12:18.316051+00:00,QGQCxq7fX5g,query_020,colon,can I drive myself home after a colonoscopy,can i drive myself home after a colonoscopy,10,Yiran,Mayo Clinic,Anxiety Reduction
